<?xml version="1.0" encoding="UTF-8"?>
<!DOCTYPE mapper PUBLIC "-//mybatis.org//DTD Mapper 3.0//EN" "http://mybatis.org/dtd/mybatis-3-mapper.dtd">
<mapper namespace="com.liugh.mapper.OperationLogMapper">

    <!-- 通用查询映射结果 -->
    <resultMap id="BaseResultMap" type="com.liugh.entity.OperationLog">
        <id column="operation_log_id" property="operationLogId" />
        <result column="log_description" property="logDescription" />
        <result column="action_args" property="actionArgs" />
        <result column="user_no" property="userNo" />
        <result column="class_name" property="className" />
        <result column="method_name" property="methodName" />
        <result column="ip" property="ip" />
        <result column="create_time" property="createTime" />
        <result column="succeed" property="succeed" />
        <result column="message" property="message" />
        <result column="model_name" property="modelName" />
        <result column="action" property="action" />
    </resultMap>

    <!-- 通用查询结果列 -->
    <sql id="Base_Column_List">
        operation_log_id AS operationLogId,model_name AS modelName,action, log_description AS logDescription, action_args AS actionArgs, user_no AS userNo, class_name AS className, method_name AS methodName, ip, create_time AS createTime, succeed, message
    </sql>

</mapper>
