<?xml version="1.0" encoding="UTF-8"?>
<!DOCTYPE mapper PUBLIC "-//mybatis.org//DTD Mapper 3.0//EN" "http://mybatis.org/dtd/mybatis-3-mapper.dtd">
<mapper namespace="com.liugh.mapper.OrderMapper">

    <!-- 通用查询映射结果 -->
    <resultMap id="BaseResultMap" type="com.liugh.entity.Order">
        <id column="sequence_nbr" property="sequenceNbr" />
        <result column="user_no" property="userNo" />
        <result column="order_no" property="orderNo" />
        <result column="source" property="source" />
        <result column="order_type" property="orderType" />
        <result column="create_time" property="createTime" />
        <result column="order_status" property="orderStatus" />
        <result column="order_amount" property="orderAmount" />
        <result column="postage" property="postage" />
        <result column="pay_amount" property="payAmount" />
        <result column="discount" property="discount" />
        <result column="coupon" property="coupon" />
        <result column="is_comment" property="isComment" />
        <result column="receipt_detail" property="receiptDetail" />
        <result column="transport_id" property="transportId" />
        <result column="receiver_mobile" property="receiverMobile" />
        <result column="receiver_name" property="receiverName" />
        <result column="receiver_address" property="receiverAddress" />
        <result column="is_split" property="isSplit" />
        <result column="rec_status" property="recStatus" />
        <result column="cancel_result" property="cancelResult" />
        <result column="check_fail_result" property="checkFailResult" />
        <result column="order_recode" property="orderRecode" />
        <result column="description" property="description" />
    </resultMap>

    <!-- 通用查询结果列 -->
    <sql id="Base_Column_List">
        sequence_nbr AS sequenceNbr, user_no AS userNo, order_no AS orderNo, source, order_type AS orderType, create_time AS createTime, order_status AS orderStatus, order_amount AS orderAmount, postage, pay_amount AS payAmount, discount, coupon, is_comment AS isComment, receipt_detail AS receiptDetail, transport_id AS transportId, receiver_mobile AS receiverMobile, receiver_name AS receiverName, receiver_address AS receiverAddress, is_split AS isSplit, rec_status AS recStatus, cancel_result AS cancelResult, check_fail_result AS checkFailResult, order_recode AS orderRecode, description
    </sql>

</mapper>
